name,Price,favorites,numberOfReviews
"BALU BALL PIT - Medium,  Foam ball pit child, kids ball pit, kids toys baby boy, montessori toys, first birthday gift for 1 year old girl",125.43,3139.0,69.0
Rainbow Night Light / Newborn Gift / Nursery Room / Baby Gift / Children Child Bedroom,26.67,2847.0,451.0
Custom Name Baby Onesie® Custom Text Personalized Baby Onesie® Pregnancy Announcement Onesie® Birth Reveal Baby Onesie® Baby Shower Gift,7.99,6298.0,3116.0
Floral Daisy Girls Personalized Name Premium UV400 Protection Sunglasses Toddlers Kids Babies Birthday Gift With Leather Case Goody Bag,9.9,39544.0,6098.0
Personalized Growth Chart  Wooden Growth Chart Personalized Nursery Decor Baby Shower Gift Height Chart for Kids,31.4,127.0,0.0
"My Other Pram Is A Tesla - Infant Fine Jersey Bodysuit - The Sassiest Baby - Funny, Sassy Baby Clothing",30.19,5.0,0.0
"Peek A Boo svg, Peek A Boo Baby Boy svg, Peek A Boo Bundle svg, Maternity svg, Pregnant svg, Mom to be svg, Baby Svg, Mother svg, Cute Baby",4.0,188.0,8.0
"Personalized Baby Name Sweater for Newborns, Ideal for Baby Showers!",34.57,132.0,0.0
"Kids and Baby Winter Knit Hat, Winter Knit Toque for Kids",32.62,145.0,8.0
"Halloween Footprint Art, DIY Kid Craft, Baby Pumpkin Footprint Keepsake, Halloween Printable, Fall Kids Art Project, Pumpkin Handprint Art",3.75,13.0,0.0
"Custom Wooden Name Puzzle for Toddlers, Gift for Kids Baby Girl, Christmas Gifts For Kids, Personalized Montessori Toys, Unique Baby Gift",7.92,80.0,5.0
Kids Gift For Nursery Toys Storage and Bookcases | Toddler Bookshelf | Wooden Montessori Kids and Baby Bookcase | Kids Room Decor Bookshelf,69.99,0.0,0.0
Little Lemon is on the Way Baby Shower Diaper Raffle Sign Lemon Diaper Raffle Card Lemon Baby Shower Diaper Raffle Sign Raffle Tickets 0121,4.66,6.0,0.0
"Custom Name Kids Sweatshirt- Personalized Toddler Gift, Boys & Girls Nickname Shirt, Baby Name Tees, Gift for Kids, Toddler Sweatshirt",22.24,207.0,7.0
Kids Personalized Daisy Sunglasses W/Leather case Kid gift/Toddler Gift /Baby gift |Personalized Birthday gift| Christmas gift UV Protection,8.0,20438.0,3993.0
"Night light kids, unique night light, baby gift birth, baby gift personalized, easter gift,christening gift,birthday gift,bedside lamp",24.11,723.0,103.0
14K Real Gold Kids Chain Necklace | Kids Figaro Chain Cuban Chain Rope Chain Gift ToddlerKids Gift for Godson | Gift for boy girl Valentine,79.2,2.0,0.0
"Personalized Embroidered Baby and Toddler Sweater, Embroidered Oversized Chunky Kids Sweater, Baby Name Announcement, Baby Shower Gift",47.0,81.0,14.0
Mommy First Valentine Handprint Craft | Mommy's First Valentine from Baby | Handprint DIY Craft Art Baby Kids | Mom Valentine Card From Kid,3.99,26.0,3.0
Baby Shower Scratch Off | Baby Shower Game | Baby it's cold outside | Winter Wonderland | lottery party game | Silver and Gold Snowflakes,6.29,23.0,4.0
"Montessori Arch with Dinosaur Theme Pillow Set, Wooden Toys for Kids, Montessory Toys",89.05,297.0,7.0
"SALE EXTRA LARGE Busy Board,Fast Shipping,Busy Board,Busy Board 1 Year Old,Montessori Busy Board,Baby Name Busy Board,Toddler Gift for kids",105.3,120.0,13.0
"Personalized Embroidered Baby and Toddler Sweater, Embroidered Oversized Chunky Kids Sweater, Baby Name Announcement, Baby Shower Gift",47.0,530.0,27.0
Charming Personalized Denim Jacket for Babies and Toddlers - Custom Name Jean Jacket - Ideal Gift for Baby Showers or Birthdays,35.55,297.0,19.0
"Baby Elephant Bath Bomb Favors, Jungle Safari Themed Baby Shower Favors, Elephant Baby Shower Favors, Top Baby Shower Themes, Elephant Bath",2.9,1219.0,167.0
Personalized Kid's Director Chair. Unique kid's gift. Kid's booster seat. Outdoor children's furniture. Made in the USA. Purple canvas.,34.75,12.0,4.0
"Kids Wardrobe and Clothing Rack Set, Kids and Baby Furniture, Nursery Decor",99.0,50.0,0.0
"Baby Busy Board,1st Birthday Gift,Toddler Busy Board,Personalized Busy Board,Busy Board,Montessori Busy Board,Busy Puzzles Kids,Baby Gift",90.0,14.0,0.0
"Personalized Embroidered Baby and Toddler Sweater, Embroidered Oversized Chunky Kids Sweater, Baby Name Announcement, Baby Shower Gift",47.0,1539.0,117.0
"Teepee with Frills and mat ""Circus"", Gift for kids, Teepee tent for kids, High quality, Handmade, Kids room, Baby room",268.98,62.0,0.0
"Pacifier Clip Personalized, Pacifier Holder, Binky Clip, Baby boy gift, Baby girl gift, Coming Home gift, Rattle Ring Personalized",14.99,20079.0,3830.0
"Babie feet heart svg | newborn heart feet svg | Newborn Foot Cricut Silhouette | Vector Cut File, New Baby Svg",1.99,4.0,0.0
"Fox Woodland Critter Balloon (3 Feet), 35 Inch Giant Mylar Foil Woodland Baby Shower Animal Balloons, Zoo Birthday Party Balloons",8.95,57.0,3.0
"Busy Board for Toddler, Activity Board, Toddler Gifts, Montessori Board, Wooden Sensory Board, 1st Birthday Baby Boy Gift, Baby Girl Toys",69.98,1272.0,129.0
Personalized Hand Embroidered Baby and Toddler Sweaters,30.0,1195.0,89.0
"SUPER SALE Busy Board Large Baby,1th Birthday Gift,Fast Shipping,Montessori Toddler Busy Board,Busy Board Gift,Activity Board,Toddler Gift",225.0,6.0,0.0
Personalized Sports Baby Onesie Inspired by Red Sox Baseball Design,9.99,8.0,0.0
Personalized Rollneck Sweater - Roll Neck Sweater Kids - Baby Sweater Personalized - Monogrammed Childs Sweater - Gabby Girl Designs,47.99,23.0,0.0
"Personalized Embroidered Name baby blanket,Custom Baby Blanket,Stroller Blanket,Soft Knitted Baby Blanket,Newborn Baby Gift,baby shower Gift",17.14,1014.0,50.0
"Montessori Busy Board Toddlers,Fast Free Shipping,Busy Board Gift,Custom Busy Board,Christmas Gifts for Kids,Busy Board Kids,Busy Board baby",94.5,0.0,0.0
"Baby swing, toddler indoor swing, outdoor baby swing, wooden swing, indoor swing, kids indoor swing, kids nursery swing, wooden baby swing",47.25,19.0,0.0
"Personalized name night light | Personalized Gift for Baby | baby night light  |girl boy bedroom bedside light gift | Bear,Racoon,squirrel",23.9,866.0,94.0
"It's A Boy cake topper, baby shower cake topper, baby boy cake topper, straw cake topper, rustic cake topper, bunting cake topper",19.74,12.0,0.0
Baby Inside Cuttable Design PNG DXF SVG & eps File for Silhouette Cameo and Cricut,3.49,19.0,3.0
CHILDREN'S BACKPACK WITH NAME personalized as a set with drinking bottle/kindergarten backpack/Trixie backpack for children/gift children,22.26,15639.0,1935.0
Personalized Baby Backpacks | Monogrammed Toddler Backpacks | Solid Kids Backpacks | Preschool Book Bags | Personalized Diaper Backpacks,24.99,58.0,13.0
Organic World Explorer Play Mat - Playmat - Nursery Rug -Unisex - Neutral Baby Gift Shower - Nursery Decor - Kids Room - Now Ready to Ship,83.38,7359.0,197.0
"SALE EXTRA LARGE Busy Board,Fast Shipping,Busy Board,Busy Board 1 Year Old,Montessori Busy Board,Baby Name Busy Board,Toddler Gift for kids",105.3,120.0,13.0
First Valentine's Day Baby cut file | First Valentines SVG | First Valentines DXF | 1st Valentine's Day | Customize Name Valentine | cricut,3.99,45.0,3.0
14K ID Valentino Baby Girl Bracelets - Personalized Bracelets - For kids - Babies - Tri color,202.5,183.0,7.0
"SPACE Thank you card instant download, Space baby shower, Outer space birthday party thank you galaxy planets rockets star blast off blue",3.3,40.0,4.0
"Kids Name Necklace, Personalized Necklace, Baby Necklace, Baby Gift, Silver, Rose Gold and Gold, XW10",18.16,2269.0,496.0
Kids kitchen tower 3in1 learning step stool desk slide montessori furniture helper tower foldable,156.62,339.0,27.0
"Toddler busy board 1 year old,Busy boards,First Birthday Gift Baby,Montessori busy board,Busy board baby,Fast Free Shipping,Busy board kids",94.5,0.0,0.0
"Mom and Baby svg, Floral Mom svg, Mother svg, Baby Silhouette, Files for Cricut",2.16,59.0,0.0
Baby Shower Word Scramble with Answer Key | Baby Shower Games | Baby Shower Word Games | Baby Word Scramble | Editable Template | S1,3.99,64.0,9.0
"18K Gold Filled Baby Bracelet, Birthstone Bracelet, Kids Bracelet, Girls Bracelet, Baptism Bracelet, Toddler Bracelet, Unisex Baby Bracelet",22.5,357.0,17.0
Calling All Party Animals Kid and Baby Birthday Party Invitation,15.0,85.0,3.0
Personalized Baby Duffle Bag | Monogram Seersucker Baby Bag | Monogrammed Baby Gifts for Boys | Kids Duffel Bag | Monogram Baby Travel Bag,27.99,11.0,6.0
"Embroidered Name Beanie Hat, Personalized Hat for Children, Kids Name Hat, Hat with Monogram, Fall Winter Outerwear, Unisex Toddler Hat",25.0,587.0,90.0
Personalized Wooden Toy car - Push car - Kids Toy - Push car toy for stocking stuffer,26.25,65.0,8.0
TWINS TRIVIA! Baby Shower Game True or False Game Trivia Fun Twin Quiz Modern Minimalist Baby Shower Party Card Games Digital Download,2.45,3.0,0.0
My First Ramadan Personalise | Eid Ramadan Mubarak Cute Baby Bodysuit Kids T-shirt Short Long Sleeve Sleepsuit  | Bodysuit  98,10.26,19.0,3.0
"Wooden Name Puzzle, Personalized Toys for Baby, New baby gift, Custom Baby Shower Gift, Toddler Toys, Kids Name Puzzle, Baby & toddler toys",19.99,391.0,58.0
Organic World Explorer Play Mat - Playmat - Nursery Rug -Unisex - Neutral Baby Gift Shower - Nursery Decor - Kids Room - Now Ready to Ship,83.38,7359.0,197.0
"Coolest Reindeer At The Pole Png, Christmas Boy shirt Png, Christmas Girl Png, Cutest Reindeer Png, Kids Christmas Shirt, Funny Christmas",2.33,179.0,6.0
"Toddler Brown Plaid Cardigan, Buttoned Tartan Cardigan, Kids Beige Plaid Open Sweater, V-Neck Cardigan Toddler, Christmas Gift Toddler Boy",32.0,204.0,8.0
New born gift Baby Name Anklet Baby Shower Gift Baby ID Anklet Kids Dainty Name Anklet Birthday Gift Name Bar Anklet,20.0,1164.0,180.0
Growth chart + Height Marker Arrows - growth chart for kids - baby shower gift - nursery wall decor,34.37,716.0,34.0
"Besties Kids Shirt,Minimalist Friends Baseball Tee,Cute Toddler Shirt,Best Friend Kids Shirt,Baby Boy, For Girls, Best Friends,Besties Baby",9.99,66.0,20.0
Baby Knee Highs | Bow Knee Highs For Babies Toddlers and Kids| Valentines Baby Socks | Girls Stockings | Infant Socks | Baby Accessories,4.0,229.0,67.0
"Montessori Bookshelf, Personalized Nursery Furniture, Wooden Kid's Toddler Bookcase, Baby Bookshelf, Kids Room Decor, Baby Room Organization",79.0,21.0,0.0
"Custom ONE COLOR Logo Long Sleeve Baby Romper-custom baby logo, company logo, company baby clothes, personalized, gender neutral, boy, girl",23.0,19.0,16.0
"Blue Rabbit design kids bath robe, slippers ,toddler dressing gown, Christmas Birthday gift, Kids bath towel , Baby shower gift,",22.5,8.0,0.0
"Funny onesie, Baby Shower Gift, Newborn Funny Gift, Gift For Mom, Baby Bodysuit, Funny Baby Toddler Shirt, Unisex Newborn Gift",15.6,5.0,0.0
Personalized Baby Backpacks | Monogrammed Toddler Backpacks | Solid Kids Backpacks | Preschool Book Bags | Personalized Diaper Backpacks,24.99,58.0,13.0
"Toddler Bookshelf, Large Bookcase for Nursery, Shelf Book Stand, Montessori Furniture, Bookshelf for Kids, Child Room Decor, ChildUniverse",89.0,1815.0,44.0
Custom Text and Custom Photo Shirt Custom Family Personalized Shirt Matching Family Your Photo Custom Couples Family Kids Toddler Baby Tee,16.8,0.0,0.0
Personalized Hand Embroidered Baby and Toddler Sweaters,30.0,4422.0,354.0
"Personalized Ballet Christmas Ornament 2023, Ballerina Slippers - Ballet Dancer Pointe Shoes Ornament, Xmas Gift for Little Girls & Kids",19.99,76.0,27.0
"Playful Font Bundle, Kids font, Baby font, Fun font, Cute font, Craft font, Handwritten font, Cricut font, Farmhouse font, Kids font svg",2.0,195.0,8.0
"Sensory Water and Sand Activity Table, Gift For Kids and Toddler, Flisat Bins, Wooden Chairs Smart, Picture Paper, Montessori Playroom Toys",129.99,5333.0,321.0
"Trucker baby bodysuit, trucker pregnancy announcement, proof daddy isn't trucking all the time, trucker announcement, trucker kids tee",17.99,61.0,4.0
Modern wooden mini kids round playing desk and bunny ear baby chair for toddler-Montessori Handmade Kids activity table and toddler chair,61.12,14.0,0.0
Shelves Tree Wall Decal Shelving Tree Wall Decal Tree Wall Decal Shelf Tree Wall Decal Nursery Wall Sticker Kids Room Decor,99.0,476.0,7.0
"Minimalist Books For Baby, Diaper Card, Editable Printable Baby Shower Insert Card, Baby Shower, Diaper Raffle Ticket Download, Template, 89",3.0,290.0,36.0
"Wanna Buy A House, Baby Real Estate, Real Estate Kid, Funny Toddler Shirt, Baby Short Sleeve Onesie®",15.62,25.0,0.0
"Balance Toys for Toddler, Wooden balance board for Kids, Wooden Baby Toys, Kids toys for Toddler",54.45,915.0,22.0
"Convertible Helper Tower - Сompact edition - Super Light and Small, Learning Stool",110.2,1457.0,84.0
"Montessori Bookshelf, Personalized Nursery Furniture, Wooden Kid's Toddler Bookcase, Baby Bookshelf, Kids Room Decor, Baby Room Organization",79.0,21.0,0.0
"Lil Dumpling Baby in Car, Kids in Car, Baby on Board Weatherproof Car Decal | Window Decal | Bumper Sticker",6.6,118.0,13.0
Gold DRAGON Wall decal for kids / Baby Dragon / Fairytale / hand painted / watercolor,44.98,751.0,32.0
Crochet Baby Blanket Deer Crochet Pattern Crochet Girl Blanket Baby Afghan Crochet Blanket Crochet Boy Blanket Easy More Sizes For Kid Adult,5.99,238.0,17.0
"Editable Elephant Baby Shower Game Bundle, Blue Floral Elephant Baby Shower Games, Floral Elephant Baby Shower Activities, BBS259",6.8,377.0,49.0
"Editable A Little Wild One Safari Baby Shower Welcome Sign, Greenery Jungle Baby Shower Welcome Poster, Safari Animals Baby Shower, 0499",6.8,29.0,0.0
Chore chart for kids - Toddler routine chart,59.49,3338.0,88.0
"Baggy Linen Adventure Pants For Kids, Toddlers, Baby / Sensory Friendly Unisex Linen Clothing / Bright, Joyful Linen Clothing, Pants",77.09,76.0,0.0
"Left right baby shower game, greenery baby shower, left or right storybook baby shower game, Pass The Prize, printable, instant download",2.25,34.0,8.0
"Santa Baby Svg, Retro Santa Baby Png, Christmas 2023 Svg, Christmas Svg, Kids Santa Baby Clipart, Santa Baby Shirt Design, New Year Svg",2.95,43.0,6.0
"Hand Knitted unisex kids, baby, toddler Wool Alpaca Hoodie Cardigan, Jacket, Chunky, Duffel Coat",86.25,8054.0,23.0
"Dinosaur World Personalized Blanket, Gifts for Baby, Gifts for Kids, Kid Gifts, Baby Blanket, Throw Blanket, Custom Blankets, Dinosaurs",27.19,6.0,0.0
Name Puzzle With Pegs | Easter Gift For Toddlers | Montessori Wooden Toys | Kid Personalized Gift | Baby Girl Gift | Pastel Nursery Decor,7.49,732.0,182.0
"251 Piece PRINTED Baby Shower Game Set, Contains 5 Games and Sash, 50 Sheets Each, Fun Baby Shower Games & Activities",12.99,0.0,0.0
"Prayers for the baby, Jungle, safari animals, Baby shower game, Printable party games, baby shower decor,instant download activities, BA018",1.36,0.0,0.0
Tiny Alpaca | Cotton Baby Towel Poncho | 68x68 cm | Gender Neutral | Poncho | Baby Shower Gift |,27.64,662.0,96.0
"Custom Name Sign | 12""-36"" Inch | Child or Baby Name | Nursery Sign | Baby Gift | 3D Letters | Baby Shower | Baby Shower Gift | Girl Nursery",19.99,9117.0,249.0
Baby barrette | toddler barrette | kids hair accessories | handmade | gift for baby,7.5,92.0,3.0
"Deer Ultra Soft Rug For Kids Room Baby Room, Pillow Case Gift , Washable Kids Rug, Non-slip Rug, Circle Play Rug, Nursery Rug",29.99,107.0,4.0
Advice for Baby | Baby Shower Game for Kid | Baby Shower Advice Cards | Last Minute Baby Shower Gift | Advice for Mom & Dad Instant Download,2.95,0.0,0.0
"Baby pillows - Kid & Baby Room - Decorative, Cotton Pillow Cases - Star Design - kid pillows",15.0,0.0,0.0
"50 Pcs Handmade Baby Shower Scented Soap Favors, Wedding Favors for Guests in Bulk, Rustic Wedding Favors, Bridal Shower Soaps, Unique Soap",58.5,876.0,53.0
"Muslin baby swaddle blanket ""Mint"", Swaddle blanket for Kid,Infant blanket, Blanket for Baby, Swaddle blanket for kid's bed,  Muslin fabric",28.7,15.0,0.0
Kids Yoga game for toddler kindergarten preschooler children activity/ homeschool yoga cards activity game,35.65,674.0,22.0
"Personalized Baby Blanket, Dinosaur Baby Blanket, Custom Baby Blanket, Dinosaur Blanket Baby Boy, Personalized Baby Gift, Newborn Gift Boy",19.68,949.0,132.0
Printable Chip Bags Sunflower Yellow Sage Tan | Baby Girl Dark Tone Puffs | African American | Digital Instant Download,4.0,0.0,0.0
"Woodland Step Stool for Kids, Toddler Step Stool with Name, Childrens Step Stool with Name, Easter Gift for Kids, Bathroom Kitchen, Children",49.95,5.0,0.0
Baby Blue and White Party Themed Treats,56.25,16.0,0.0
"Elephant Baby Shower Guest Book Alternative, Lovely Gift for Kids Personalized Baby Shower 3D Keepsake Guestbook, White Wood DropBox Frame",89.0,1015.0,109.0
Ditsy Floral Baby Doll Diaper Bag | Minikane Paola Reina Doll Bed | Kids Pretend Baby Doll Diaper Bag | Boutique High End Doll,49.0,22.0,0.0
Chore chart for kids - Toddler routine chart,59.49,3338.0,88.0
"Airplanes Watercolor Clipart 10 PNG Printable Travel Wall Art, Travel Nursery Decor, Boys Room Decor, Kids Clipart, Baby Boy, Kids Art",1.97,8.0,0.0
Editable ANY EVENT Valentine Blue Navy Truck Heart Balloon Baby Shower Sprinkle Birthday Welcome Yard Sign Printable Instant Download 856V1,5.95,0.0,0.0
"Editable Sign Gender Neutral Bear Baby Shower Games Bundle, We Can Bearly Wait Baby Shower Game Pack, Brown Balloon Bear Baby Shower, 0508",7.59,222.0,7.0
"Panda Tree Wall Decal Wall Sticker Kids Nursery Baby Room Decor, Cherry blossoms Tree Wall art-DK406",67.0,222.0,4.0
Peony Floral Baby Doll Diaper Bag | Minikane Paola Reina Doll Bed | Kids Pretend Baby Doll Diaper Bag | Boutique High End Doll,49.0,55.0,0.0
Handmade Memory Quilt from Baby Clothes,192.0,331.0,13.0
Tiny Baby Hunt Teddy Bear Printable Game Sign . Baby Shower Boy Blue . We Can Bearly Wait. Bear with Greenery . 8x10 Instant Download,3.19,0.0,0.0
Valentine What's In Your Purse Baby Shower Game A Little Sweetheart Baby Shower Game Red Gold Hearts Baby Shower Game 0194,2.9,0.0,0.0
"Montessori Life Cycle Puzzle, Wooden Learning toys, Life cycle board, Baby Puzzle, Kids Wooden Puzzle, Christmas Toddlers gift Montessori",36.49,306.0,3.0
"Baby Clothes Blanket, Baby Blanket, Memory Blanket, Baby Quilt, Custom Quilt, Memory Quilt, Upcycled Blanket, Keepsake Quilt",180.0,2629.0,110.0
Personalized Hand Embroidered Knit Baby Blanket // Custom Name Swaddle Blanket,30.0,1594.0,74.0
"Nursery Tiles Decor, Protective Wall Pillows, Decorative Headboard, Kids Bedding, Nursery Tiles, Blue mix, Baby Boy Blue, Christmas Gifts",106.24,376.0,14.0
Tampa Bay Rays Baseball TAMPA BASEBALL baby bubble romper,14.99,0.0,0.0
"Christmas baby shower game set, Baby Shower Games Party Pack, Gender Neutral Christmas Baby Shower, Printable Template Download, Set of 12",5.0,0.0,0.0
"12 pcs (Dozen) Snowflakes baby shower poem, Snowflake Baby Shower Favor",20.0,104.0,8.0
Panda Bear Jumpsuit Costume / Halloween Panda Bear Costume / Kids&Babies Costume Wear / Carnival Outfit / Animal Onesie / Birthday Gift,99.45,378.0,0.0
12 Baby Girl Baby Deer Themed Pacifier Necklaces Favors Baby Shower Games (FREE 8 X 10 Gamesheet 1 per order),24.0,7.0,0.0
"Wild Ducks Kids and Baby Bedding Set, Duck Lake Soft Cotton Nursery Duvet Cover and Pillow Case | Nuva",79.0,132.0,0.0
"Baby in Bloom Floral Baby Shower Games, Signs BUNDLE 20+ Digital Editable Template Answer Sheets Included",10.0,0.0,0.0
Gold DRAGON Wall decal for kids / Baby Dragon / Fairytale / hand painted / watercolor,44.98,751.0,32.0
"sensory interactive soft quiet book handmade for kids and baby, kinderkrama",73.6,38.0,0.0
Baby boy chocolate favors. Newborn chocolate favors. Baby shower favors,107.18,6.0,0.0
"Baby Gift Tag, Baby Shower Gift Tag svg, png, dxf, eps, pdf",1.54,0.0,0.0
"Promoted From Dog Grandparents To Human Grandparents Pregnancy Announcement Bodysuit, Baby Shower Gift, Baby Reveal, Pregnancy Announcement",16.68,5.0,0.0
"Puppies in Modern Bathtub Print, Puppy Golden Retriever, Labrador Puppy Bathing, Baby Animal in Bathtub Art by Synplus, Kids Bathroom Art",14.0,0.0,0.0
"Ochre Teepee Tent, Gift for kids, Teepee tent for kids, High quality, Handmade, Kids play tent, Kids room, Baby room, Garden, Terrace",116.93,103.0,0.0
Mystical Crocheted Mermaid Tail Blanket. Crocodile Stitch. Open V back for easy use. Child size shown. Each custom made. None ready to ship.,67.5,354.0,26.0
"Baby Shower Games | 6 Game Bundle - 10 or 20 Guest Pack - Eucalyptus, Jungle, Baby Boy, Baby Girl, Safari Themes",13.1,1773.0,345.0
"Editable Greenery Safari Jungle Baby Shower Game Bundle, Wild One Baby Shower Game Pack, Greenery Safari Animals Baby Shower Games, BBS339",6.8,1010.0,134.0
"Painted toddler bed with slats, kid bed, wood bed, Montessori bed, kids bedroom, floor bed, bodenbett, montessori floor bed, kid and baby,",103.05,1028.0,27.0
Floral Daisy Girls Personalized Name Sunglasses | Toddler Gift | Kids Gift | Babies Gift | Baby Girl Personalized Birthday Gift Sunglasses,8.0,8307.0,1876.0
Personalized Custom Baby shower Balloons moon and teddy balloons baby Custom phrase custom Bubble Set 12 Baby Shower it is a girl,48.99,6.0,0.0
"Custom Toddler child baby kids infant adult Hat, winter hat, Leather Patch Hat, Holiday Christmas gift,Birthday, daddy and me,kid gift",25.0,27883.0,7191.0
"Activity table for kids, weaning table, toddler table with chairs, kids furniture, montessori set, 1st birthday gift, wooden set for child",117.51,1582.0,34.0
"Montessori Weather Chart, Homeschool Learning, Activity Weather Station Kids Learning Preschool, Meteorologist, Weather Calendar",54.99,108.0,0.0
Baby Shower Gift-Blue and Beige Polka Dot Peter Rabbit Diaper Cake,89.99,95.0,13.0
Wildflower Baby Monthly Milestone and Holiday Photo Markers | Digital Cut File | Glowforge Cricut Shilouette | SVG File | Laser Cutting,3.25,1250.0,40.0
Toddler Boy Shirt | Long Live Boyhood | Boyhood Shirt | Matching Brothers Tee | Baby Boy Graphic Tee | Cute Kids Shirt | Trendy Boy Clothing,14.4,40.0,10.0
"Editable Girl Floral Woodland Baby Shower Game Bundle, Girl Woodland Baby Shower Game Pack, Pink Floral Woodland Baby Shower Games, BBS145",6.8,306.0,45.0
Baby set,24.0,40.0,0.0
"ABC Book Baby Shower Activity, Personalized Alphabet Coloring Book Baby Shower Activity Keepsake, Virtual Baby Shower, PDF Download 4x6""",14.99,2078.0,226.0
Mason Jar Set of 6 Baby in Bloom Garden Baby Shower Decor for Table Centerpiece Fairy Light Decor Rustic Mason Jar Decoration silk Flowers,90.0,196.0,9.0
Simple Crochet Beanie Pattern Instructions for Newborn Baby Kids and Adults Sizes Crocheted Hat Pattern for Women Girls and Men Unisex,3.2,687.0,131.0
Captain Spaulding World Famous Murder Ride  - House of 1000 Corpses - Baby Bodysuit - One Piece - Fun - Rob Zombie - Horror,13.8,220.0,11.0
Baby Clothes Hangers||Wooden Clothes Hangers|Baby Shower gift|Newborn to 24 Months|Clothes Dividers|Baby Clothes|Wardrobe hangers|Organising,18.94,66.0,10.0
"Baby Shoes, Kids Shoes, Baby Sneaker, Stitch Air Force 1 Kids, custom shoes kids, toddlers shoes",118.07,18.0,0.0
"Woodland Thumbprint sign, Woodland baby shower Thumbprint sign, Guest Thumbprint, Woodland Baby keepsake, Woodland Guest sign, Birch trees",17.4,1763.0,291.0
"Woodland Montessori House Floor Bed with Flipping Trees on the front Rail, Toddler House Bed, Toddler Montessori Bed, Twin Montessori Bed",189.77,10521.0,164.0
"Editable Boho Rainbow Baby Shower Game Bundle, Rustic Rainbow Baby Shower Game Pack, Girl Rainbow Baby Shower Pampas Grass Games, BBS404",6.8,159.0,7.0
Baby Shower Memory Game Card - Baby Item Memory Game Printable - Modern Black and White Baby Shower Game - Gender Neutral Baby Shower Game,3.88,32.0,15.0
"Editable Baby It's Cold Outside Baby Shower Game Bundle, Gender Neutral Winter Baby Shower Game Pack, Snowflake Baby Shower Games, BBS511",6.8,65.0,8.0
"ABC Book Baby Shower, ABC Animals Book, Childrens Alphabet Book, Baby Shower Coloring Pages, My First ABC Book, Woodland Baby Shower",5.17,5.0,0.0
"Platform Playpen Bed by Busywood, Play bed, Solid wood bed, Montessori furniture, Eco Kids furniture",172.49,754.0,15.0
"City Road Playground Ultra Soft Nursery Kids Rug , Pillow Case Gift, Kids Area Rug, Nursery Decor, Play Rug, Metropolis Play Rug",41.74,1036.0,12.0
"Soft Blue Baby Boy Digital Papers, SEAMLESS Baby Shower Digital Paper, Baby Blue Patterns Backgrounds, Blue Invitation, SEAMLESS Pattern",3.0,275.0,16.0
"Baby Birth Stats Christmas Ornament Bundle SVG, Baby Birth Ornament, New Born Baby svg, Baby Announcement Ornament svg, Laser Ready File",5.2,148.0,14.0
"Editable Dinosaur Baby Shower Game Bundle, Boho Greenery Dinosaur Baby Shower Games, Boy Dinosaur Game Pack, It's a Boy Dinosaur,BBS306",6.8,272.0,32.0
50 Prefilled Minimalist Baby Shower Bingo Cards (NOT EDITABLE) - Digital Download,4.95,217.0,26.0
Baby Shower Tip Cards Balloon Design | Baby Shower Cards | available in german and italian,15.74,278.0,22.0
Personalised Jingle Hand Bells | Christmas Engraved Wooden Toddlers Rattle Baby Toy | Jingle Bells Wooden Musical Instrument Infant Gift,15.79,85.0,21.0
Kids Personalized Flower Sunglasses. Girls Personalized Gift. Toddler Birthday Gift. Toddler Sunglasses. Baby Sunglasses With Name,8.5,106.0,58.0
"Personalized Leggings - Unisex Baby/Toddler/Kids Custom name leggings/harem pants, PERSONALIZED, made to order",37.28,53.0,7.0
"Tea Party Baby Shower Games Bundle, Blush Pink Gold Tea Party Floral Baby Shower Games Pack Baby is Brewing, Girl Baby Shower Printable 0146",6.4,192.0,18.0
"Editable We Can Bearly Wait Baby Shower Welcome Sign, Gender Neutral Bear Balloon Baby Shower Poster, Boho Bear Baby Shower Decor, BBS435",6.8,900.0,19.0
Bracelet with Children's Names Engraved | Love My Kids Gold Cuff | Blue Diamond Birthstones | March Birthstone,3504.0,12.0,0.0
"Painted toddler bed with slats, kid bed, wood bed, Montessori bed, kids bedroom, floor bed, bodenbett, montessori floor bed, kid and baby,",103.05,1028.0,27.0
"DIY headband kit, Baby shower headband kit activities, Birthday party fun, Crafts for girls, Headbands making kit, Christmas gifts for girl",29.75,1981.0,181.0
"Personalized Name Girl's Sunglasses, Toddler Gift, Kids Gift, Personalized Birthday Party Favors",6.67,66.0,20.0
"Editable Woodland Baby Shower Game Bundle, Boy Woodland Baby Shower Games, Woodland Animals Game Pack, Greenery Woodland Baby Shower, BBS301",6.8,1038.0,171.0
"Editable Bear Balloon Baby Shower Games Bundle, Blue We Can Bearly Wait Baby Shower Game Pack, Boy Boho Bear Baby Shower Game Template, 0504",7.59,478.0,46.0
"Baby Dinosaurs Kids Wallpaper, Mountain Trees Peel And Stick Self Adhesive Wall Mural, Baby Dinosaur Species Forest Decal, Dinosaur Murals",18.75,3.0,0.0
"Mezuzah Gift, Mezuzah, Mezuzah Case, Mezuzah Kids, Jewish Baby Gift, Jewish Baby Girl, Bat Mitzvah, Judaica, Personalized Jewish Gifts",46.8,3.0,0.0
"Hulk Kids Tumbler, Kids Tumblers, Custom Kids Tumblers, Baby Hulk Tumbler, Birthday gifts for boys, Hulk Theme Party",50.0,77.0,0.0
"Wyatt Embroidery Font Set – .5"" 1"" 1.5"" 2"" 2.5"" - Digital Machine Embroidery Font Alphabet for Kids - Numbers Punctuation - Instant Download",3.59,357.0,48.0
Guess How Many Baby Socks Game Minimalist Baby Shower Game Boho Kraft Baby Shower Game Printable NOT Editable C3,2.24,35.0,16.0
Mystical Crocheted Mermaid Tail Blanket. Crocodile Stitch. Open V back for easy use. Child size shown. Each custom made. None ready to ship.,67.5,354.0,26.0
"Baby Boy Mini Album, Pre-Made Baby Boy Album, First Year Album, Baby Album, Baby Book, Baby Boy Mini Album, Newborn Scrapbook,Newborn Album,",150.0,93.0,0.0
"Custom Name Sign | 12""-36"" Inch | Child or Baby Name | Nursery Sign | Baby Gift | 3D Letters | Baby Shower | Baby Shower Gift | Girl Nursery",19.99,9117.0,249.0
Baby it's cold outside SVG | Baby it's cold outside cut file | baby it's cold outside sublimation file | baby it's cold outside cricut | png,2.49,181.0,10.0
Let the Adventure Begin Baby Shower Games Bundle Woodland Baby Shower Activity Forest Pine Trees Mountain Game Gender Neutral Template 0193,7.6,973.0,118.0
"I Just Did 9 Months on the Inside Now my Parents are Serving Life Onesie,  Custom Baby Onesie, Personalized Baby Bodysuit, Baby Shower Gift",17.0,8.0,0.0
"baby daddy funny baby shower game, baby shower games, baby shower game for girl, baby shower game for boy, sets of 6",6.99,1018.0,282.0
"Mezuzah, Kids Mezuzah, Personalized Mezuzah, Baby Mezuzah, Mezuzah With Kosher Scroll, Judaica, Lion Decor, Jewish Nursery, Safari Decor",46.8,5.0,0.0
Baby Shower Decoration / A set of 12 Pink Fillable baby shower party favor / It's a girl/ Game / Prize / Recuerdos,19.99,197.0,18.0
"Ope! Baby Bodysuit, Midwest Baby Clothes, Unisex Baby Bodysuit, Minnesota Baby",25.8,0.0,14.0
Family of 4 with Baby and 2 Dog or Cat Personalized Ornament- Family of 4 Ornament with New Baby Girl Or Boy Christmas Ornament with 2 pets,21.82,0.0,16.0
"Mint Green Mountains with Clouds  Hot-air Balloon Wallpaper, Geometry Mountain Landscape Wallpaper Nursery Kids’ Room Baby' Room Wall Murals",21.58,0.0,4.0
"Tea Party Baby Shower Games Bundle, Blush Pink Gold Tea Party Floral Baby Shower Games Pack Baby is Brewing, Girl Baby Shower Printable 0146",6.35,0.0,18.0
"Kid Mezuzah, Judaica, Jewish Gift, Jewish Home Gift, Baby Naming Gift, Jewish Baby Gift, Personalized Mezuzah, Mezuzah with Scroll, Mezuza",46.44,0.0,0.0
Minnie Mouse Baby Shower Theme / A set of 12 Pink Fillable Favors Prizes / Baby Shower Decoration / It's a Girl  / Recuerdos,21.99,106.0,9.0
"Initial Beanie Hat, Monogram, Personalized, Symbol, Custom, Baby Infant Toddler Kids Youth Child Newborn Gift Boy Girl Toque, Family, Mütze,",9.85,1889.0,380.0
Construction Baby Blanket Swaddle / Dozer Trucks Cranes Bulldozer Excavator PERSONALIZED Baby Shower Gift Baby Boy Coming Home Outfit,13.0,64.0,9.0
"Editable Baby in Bloom Baby Shower Games Bundle, Wildflower Baby Shower Game Pack, Muted Pink Boho Spring Flowers Baby Shower Games, 0650",7.59,9.0,0.0
Baby Shower Decoration | A set of 12 Pacifiers Necklace with a Little Baby Sleeping | It's a Girl | Color Pink| Prize | Games,13.49,30.0,6.0
"Editable Minimalist Oh Baby Baby Shower Game Bundle, Simple Oh Baby Baby Shower Game Pack, Gender Neutral Modern Baby Shower Games, BBS335",6.8,1646.0,214.0
"Toddler bed with round rails, Montessori bed, floor bed, montessori floor bed, kid and baby, bodenbett, kid bed, www.home4dreams.com",112.82,201.0,0.0
"30 Editable Lion Baby Shower Games, Baby Shower Games Bundle, Printable Baby Party Games, Virtual Baby Shower Games",10.0,43.0,6.0
Mouse Christmas / Night Before Xmas Handprint Footprint Art Craft / Baby Kids Hand Foot Keepsake Gift Print Activity Card/ Keepsake Memory,4.95,75.0,15.0
"Editable Sunshine Baby Shower Game Bundle, Here Comes the Son Baby Shower Game Pack, Boy Sonshine Shower, Boho Sunshine Shower Games, BBS398",6.8,536.0,65.0
Baby Shower Decoration / A set of 12 Pink Fillable baby shower party favor / It's a girl/ Game / Prize / Recuerdos,19.99,197.0,18.0
Editable Let the Adventure Begin Baby Due Date Calendar Woodland Baby Shower Calendar Pine Trees Mountain Birthday Predictions Greenery 0193,8.4,902.0,64.0
"Toddler bed with slats, Montessori bed, Floor Bed, Toddler floor bed, kid bed, kids furniture, toddler furniture, www.home4dreams.com",61.3,18206.0,351.0
Winnie The Pooh Baby Shower Game Pooh Printable Baby Game Pooh Bear Baby Shower Bundle Editable Game Pack Pooh Baby Trivia Game Editable,9.99,172.0,9.0
Emperor Moth Costume for Kids - Butterfly Costume - Moth Wings - Butterfly Wings - Handmade Costume - Halloween Costume,59.6,1733.0,24.0
Beach Themed Baby Shower Word Scramble Game - Printable Instant Download - Nautical Under the Sea Baby Shower Word Scramble Game - 0047-B,3.0,7.0,0.0
"Editable Greenery Deer Baby Shower Games Bundle, Deer Woodland Baby Shower Game Pack, Oh Deer Baby Game, Forest Animal Games Template 0370",7.59,0.0,0.0
"Editable Gender Neutral Bear Baby Shower Game Bundle, We Can Bearly Wait Baby Shower Game Pack, Brown Boho Bear Baby Shower Games, BBS391",6.8,707.0,50.0
Baby Shower Decoration / A set of 12 Fillable baby shower party favor / It's a boy / Game / Prize / Recuerdos,19.99,51.0,5.0
Personalised Small Rudolf Reindeer Christmas Teddy Bear Plushie Baby's First 1st Xmas Children's Kids Name Gift Present Keepsake,9.86,865.0,246.0
"Nordic modern minimalist geometric murals of elk Nursery Wallpaper,  Kids' Room Baby's Room Wall Murals Wall Decor",21.75,15.0,0.0
Royal Prince | baby shower decorations | 12 Pacifier Gold Crown Necklace | Favor Prize Game Boy Decoration | Recuerdos de Baby Shower,14.99,4.0,0.0
"CUSTOM Father's Day Fist Bump Set, Family SVG, Grandpa Papa Hand, Father's Day Gift, Baby Toddler Kid Papa Fist Bump, Father's Day Svg",1.99,133.0,16.0
"Editable Mermaid Baby Shower Game Bundle, Under the Sea Baby Shower Game Pack, Sprinkle, Pink, Purple, Gold Mermaid Games, BBS304",6.8,247.0,24.0
"Tea Party Baby Shower Games Bundle, Blush Pink Gold Tea Party Floral Baby Shower Games Pack Baby is Brewing, Girl Baby Shower Printable 0146",6.4,192.0,18.0
YARN- Dalegarn-Baby Ull 100% Wool from Dale of Norway,11.99,0.0,0.0
"Custom Name Light Night Gift for Kids Room Decor,PersonalizedBaby Night Light,Baby Name Light, Bedroom Nursery Decor,1st birthdaty Kids Gift",16.26,0.0,236.0
"Mint Green Mountains with Clouds  Hot-air Balloon Wallpaper, Geometry Mountain Landscape Wallpaper Nursery Kids’ Room Baby' Room Wall Murals",21.58,0.0,4.0
"Editable Daisy Baby Shower Guess  Baby's Arrival, Bohemian Daisy Baby Shower Due Date Calendar, Boho Groovy Daisy Baby Shower, BBS364",5.16,0.0,0.0
"Editable Strawberry Baby Shower Welcome Sign, Berry Sweet Baby Shower Welcome Poster, Red Strawberry Baby Shower Sign, Berry First Baby 0616",6.74,0.0,0.0
Royal Prince | baby shower decorations | 12 Pacifier Gold Crown Necklace | Favor Prize Game | It's a Boy Decoration Recuerdos de Baby Shower,14.88,0.0,6.0
